timestamp,temperature,vibration,pressure,rpm,is_anomaly
2026-01-01 00:00:00,72.48357076505616,0.34630887737658206,104.198066309758,1538.918053808332,0
2026-01-01 00:01:00,113.84366297750802,0.859480988190537,102.77390104873831,1472.4407141835734,1
2026-01-01 00:02:00,73.23844269050346,0.23007162130904293,100.17889110976053,1459.0900558288847,0
2026-01-01 00:03:00,77.61514928204012,0.32814846183452856,98.05918966688328,1499.8312771294525,0
2026-01-01 00:04:00,68.82923312638331,0.2674678715439086,102.09466994084077,1491.4907688737535,0
2026-01-01 00:05:00,68.8293152152541,0.2756437308117652,101.18045615626525,1477.3385975336362,0
2026-01-01 00:06:00,77.89606407753696,0.27038030378805655,102.68557966008319,1534.8193723728357,0
2026-01-01 00:07:00,73.83717364576454,0.25680046151600916,101.9055154050459,1547.7652604285256,0
2026-01-01 00:08:00,67.65262807032524,0.30242608139724136,103.14865814595801,1504.4203443145923,0
2026-01-01 00:09:00,72.71280021792982,0.2584524941794481,98.3942943653183,1573.876504052763,0
2026-01-01 00:10:00,67.68291153593769,0.31352284128899194,103.95218219690298,1442.9155442933247,0
2026-01-01 00:11:00,67.67135123214871,0.29748809452754316,100.5927988140772,1490.317027036014,0
2026-01-01 00:12:00,71.20981135783018,0.2880525976566795,106.2257826178758,1464.1588839698597,0
2026-01-01 00:13:00,60.43359877671101,0.2546218168979201,97.93243654573129,1406.673169146347,0
2026-01-01 00:14:00,61.375410837434835,0.27116143347158334,105.20789140949574,1495.8659657078651,0
2026-01-01 00:15:00,67.18856235379513,0.33776956129128777,100.59373235038794,1493.9126245808359,0
2026-01-01 00:16:00,64.93584439832789,0.32504585938121905,98.04574598915666,1575.6724871621066,0
2026-01-01 00:17:00,71.57123666297637,0.2511222377600724,98.54834249783704,1531.540584227739,0
2026-01-01 00:18:00,65.45987962239394,0.3049666152714613,99.03895807541704,1448.7906587835398,0
2026-01-01 00:19:00,62.93848149332354,0.33756935616858946,101.27249783920576,1592.7046283167094,0
2026-01-01 00:20:00,77.32824384460777,0.2165297359439314,101.5685064641065,1561.0516847762676,0
2026-01-01 00:21:00,68.87111849756732,0.3271680096189967,98.27889998818426,1529.1048851734308,0
2026-01-01 00:22:00,70.33764102343962,0.2668688120527076,99.92693622321706,1488.6757950575084,0
2026-01-01 00:23:00,62.87625906893272,0.32852993342965797,106.42681107583559,1452.028038163826,0
2026-01-01 00:24:00,67.27808637737408,0.2618370421728741,105.18262951030214,1481.3896611964474,0
2026-01-01 00:25:00,70.55461294854933,0.20975589496677402,101.3089710090221,1554.4374309852094,0
2026-01-01 00:26:00,64.24503211288848,0.21862287810584186,100.1140104345046,1594.2293152967304,0
2026-01-01 00:27:00,71.87849009172837,0.3024042473330691,100.36009398015479,1577.1621764136094,0
2026-01-01 00:28:00,66.99680655040598,0.3129861250860741,101.84055391819125,1475.5575289106862,0
2026-01-01 00:29:00,68.54153125103362,0.25478416874477955,96.93162230440478,1444.0191283355493,0
2026-01-01 00:30:00,66.99146693885301,0.3319296229388687,99.22787038772996,1507.0443123455602,0
2026-01-01 00:31:00,79.26139092254469,0.21692399688655198,94.99424777836722,1411.5780317218573,0
2026-01-01 00:32:00,69.93251387631032,0.2966960100676342,101.19766936781583,1516.1583857092392,0
2026-01-01 00:33:00,64.7114453552205,0.23944919001187717,101.94158781910822,1492.6198706850666,0
2026-01-01 00:34:00,74.11272456051594,0.267408194609892,98.55044061310188,1476.6981749065878,0
2026-01-01 00:35:00,63.89578175014489,0.3023699335658207,104.7219602898701,1420.2648466366602,0
2026-01-01 00:36:00,71.04431797502377,0.25697933173580234,96.32270301099298,1525.6800053284858,0
2026-01-01 00:37:00,60.201649380601125,0.2807722227885087,95.60687535937053,1473.3649580169044,0
2026-01-01 00:38:00,63.359069755507846,0.350314640460722,100.67335545567991,1441.5041582144856,0
2026-01-01 00:39:00,70.98430617934562,0.27115540652384257,103.14129490783647,1356.3868893359174,0
2026-01-01 00:40:00,73.69233289997705,0.3417846056032571,105.0517830743736,1498.6242547474683,0
2026-01-01 00:41:00,70.85684140594985,0.24351465726711907,98.62334721139318,1588.6125798334872,0
2026-01-01 00:42:00,69.4217585880588,0.32649020889576413,103.23604250029389,1583.0629607273936,0
2026-01-01 00:43:00,68.49448152205356,0.372078431032895,99.88447459149788,1477.1451871706863,0
2026-01-01 00:44:00,62.60739004816286,0.1764177749936355,99.48211810017754,1469.889396981911,0
2026-01-01 00:45:00,66.40077895802645,0.26015523722647615,102.65097981246002,1523.4387128037513,0
2026-01-01 00:46:00,67.69680614520107,0.328853606359027,101.95696863524026,1450.0807280405854,0
2026-01-01 00:47:00,75.28561113109458,0.28984773069785036,95.27082352904725,1515.0895949909734,0
2026-01-01 00:48:00,71.71809144784231,0.31855729366856544,104.42962104917768,1538.3040139192344,0
2026-01-01 00:49:00,61.18479922318633,0.26980074066420895,104.14027406244236,1561.3466611942154,0
2026-01-01 00:50:00,71.62041984697397,0.304329489373645,98.12331189547142,1494.9922961760024,0
2026-01-01 00:51:00,68.07458859791842,0.292216138230396,101.18741060031223,1489.8163124911516,0
2026-01-01 00:52:00,66.6153899984702,0.3583891030829904,101.48209055884821,1456.100870662172,0
2026-01-01 00:53:00,73.05838144420434,0.31272104216506064,100.78202129747172,1458.655982298007,0
2026-01-01 00:54:00,75.15499761247976,0.3168801331037601,98.34908453846374,1488.6760554049238,0
2026-01-01 00:55:00,74.65640059558099,0.2794061516938766,97.98512989618584,1518.3682753408089,0
2026-01-01 00:56:00,65.80391238388681,0.27561968879637533,99.92333778702566,1545.6792313116625,0
2026-01-01 00:57:00,68.45393812074393,0.27837209060901896,103.51818705777809,1459.8410524659828,0
2026-01-01 00:58:00,71.65631715701782,0.3197226071189148,101.6308004637833,1574.634428447976,0
2026-01-01 00:59:00,74.8777256356118,0.2789507759589868,98.88815700374168,1486.4438199478716,0
2026-01-01 01:00:00,67.60412881077355,0.31448874284482065,102.31509613194504,1498.931635282578,0
2026-01-01 01:01:00,69.07170511668092,0.4037700399322719,91.45437213810978,1462.639416042609,0
2026-01-01 01:02:00,64.46832512996986,0.3435562351715846,103.44629710111631,1378.787986986353,0
2026-01-01 01:03:00,64.01896687959665,0.28369882339160796,94.7808586636657,1544.2022698180524,0
2026-01-01 01:04:00,74.06262911197099,0.36006069610819724,98.9126771757906,1536.8421948546218,0
2026-01-01 01:05:00,76.78120014285412,0.2795962313489224,96.64099031612157,1485.9336221440894,0
2026-01-01 01:06:00,69.63994939209833,0.1980937732411073,96.11595557283728,1503.3495358612436,0
2026-01-01 01:07:00,75.01766448946012,0.24959568445412977,103.48248036213556,1525.796960885205,0
2026-01-01 01:08:00,71.80818012523817,0.2064604039487072,98.59689639606432,1421.872707155673,0
2026-01-01 01:09:00,66.77440122697438,0.28242432579793453,101.03951164519215,1473.5473661326853,0
2026-01-01 01:10:00,71.80697802754207,0.3009209189594776,99.85923826336244,1539.7132339810914,0
2026-01-01 01:11:00,77.69018283232984,0.38382186561376413,101.43112248166936,1437.2855288415376,0
2026-01-01 01:12:00,69.82086980445024,0.31634636868820815,100.23046567318076,1514.6778966083314,0
2026-01-01 01:13:00,77.82321827907003,0.2890449735595568,96.15102332743429,1432.1709097688297,0
2026-01-01 01:14:00,56.901274479551276,0.34147027905917443,102.98880045834142,1523.3214991216764,0
2026-01-01 01:15:00,74.10951252187611,0.18944323454960574,98.51873025051606,1498.2179258851259,0
2026-01-01 01:16:00,70.43523534119086,0.31178072790542827,95.33025430402074,1419.2434092047245,0
2026-01-01 01:17:00,68.50496324767066,0.33854325969434834,98.71565451710227,1558.2369677228585,0
2026-01-01 01:18:00,70.45880388267751,0.2260706877110079,104.50227937190293,1463.2704211600976,0
2026-01-01 01:19:00,60.06215542699554,0.35718770216034645,102.55066522634048,1459.4873781492809,0
2026-01-01 01:20:00,68.90164056081244,0.3169248203747207,98.95404359677642,1510.0284598615472,0
2026-01-01 01:21:00,71.78556285755873,0.2792356043049599,98.95222688704472,1557.4318674714357,0
2026-01-01 01:22:00,77.38947022370758,0.3316390933053142,99.03509484634785,1449.2089090510801,0
2026-01-01 01:23:00,67.40864890863176,0.4135346428902198,106.23024395068252,1503.0839924923987,0
2026-01-01 01:24:00,65.95753198553406,0.30909331275292473,101.14580635669466,1521.4408250165286,0
2026-01-01 01:25:00,67.49121478207732,0.3124110293150168,101.29012494157321,1534.6552803631573,0
2026-01-01 01:26:00,120.05513502392368,0.7366384587182633,103.09085036209552,1508.8220777638612,1
2026-01-01 01:27:00,71.64375554829843,0.2575077815267604,100.71636747707954,1481.648608045834,0
2026-01-01 01:28:00,67.3511989811648,0.34151679082721226,99.22287356253788,1458.620488967564,0
2026-01-01 01:29:00,72.56633716556678,0.2571958087045566,99.41095045274507,1504.3071941523187,0
2026-01-01 01:30:00,70.4853877467402,0.3035783118609696,99.78519622175781,1446.3930494007197,0
2026-01-01 01:31:00,74.84322495266444,0.2761171276617442,99.88833329047047,1353.9324758252696,0
2026-01-01 01:32:00,66.48973453061323,0.3239489912873196,102.18288863091094,1521.8279902078834,0
2026-01-01 01:33:00,68.36168926701116,0.3166831052643474,100.1558376574219,1545.1967420543097,0
2026-01-01 01:34:00,68.0394592343392,0.35187699721289495,102.19792023164673,1381.853378222908,0
2026-01-01 01:35:00,62.68242525933941,0.27449918005726265,99.75785025967426,1449.5134647645032,0
2026-01-01 01:36:00,71.48060138532288,0.2865062532353314,100.23590557094828,1530.9577130502598,0
2026-01-01 01:37:00,71.30527636089944,0.25106181421088464,94.00539794640368,1602.874773485585,0
2026-01-01 01:38:00,70.02556728321231,0.2777853369961944,102.74898302410745,1501.0396853837703,0
2026-01-01 01:39:00,68.82706433312427,0.3188650246522426,101.03946542769398,1463.5998529385433,0
2026-01-01 01:40:00,62.923146289747926,0.3378494308322676,102.99403032957896,1490.855177944758,0
2026-01-01 01:41:00,67.89677338617321,0.25389173379111873,91.31123386541893,1568.7438209574093,0
2026-01-01 01:42:00,68.28642741736616,0.343480296005283,106.26512411434219,1467.7017910437733,0
2026-01-01 01:43:00,65.9886136538919,0.36778189294024755,99.58123111553448,1460.0403996674872,0
2026-01-01 01:44:00,69.19357144166996,0.320671745161185,103.32454845021255,1475.8628238908984,0
2026-01-01 01:45:00,72.02025428407269,0.3938397906279033,96.8802822186234,1452.3335695870644,0
2026-01-01 01:46:00,79.43092950605265,0.26131054004482135,101.8383217151877,1506.1335157997398,0
2026-01-01 01:47:00,70.8728890641592,0.23776726483442914,96.83975331047903,1581.233922923478,0
2026-01-01 01:48:00,71.28775195361382,0.21106398755478606,98.12869311791259,1516.1539636558014,0
2026-01-01 01:49:00,69.62777042116916,0.37480221557445914,105.74209406160035,1487.3823248936856,0
2026-01-01 01:50:00,60.40614392350479,0.3327182828177029,99.42795279770996,1485.4094365542228,0
2026-01-01 01:51:00,69.86743062275391,0.29722076645447726,100.65229861953917,1421.840459565167,0
2026-01-01 01:52:00,70.30115104970513,0.313998431315991,102.61020319206627,1544.155488857358,0
2026-01-01 01:53:00,82.31621056242643,0.24372554763508117,101.48704566391781,1496.10814014936,0
2026-01-01 01:54:00,69.03819517609439,0.42228759898084134,100.45125671543073,1490.9760043204687,0
2026-01-01 01:55:00,71.50773671166806,0.30646105909876137,101.09488300739868,1659.655378392243,0
2026-01-01 01:56:00,69.82644115147379,0.30546973973024466,107.21024675571482,1514.9376454182843,0
2026-01-01 01:57:00,64.15660981190234,0.3362883311949346,99.82714360889925,1462.4104474952408,0
2026-01-01 01:58:00,75.7141140725751,0.32405046158683565,100.6032971401449,1478.6821201897228,0
2026-01-01 01:59:00,73.75966516343387,0.3111942012139566,103.15196318802283,1557.4222854598377,0
2026-01-01 02:00:00,73.95515973521523,0.26047627722773437,103.31657779887395,1505.6635205268883,0
2026-01-01 02:01:00,65.4530627260263,0.32357341785679977,103.56109091668114,1428.0861010841318,0
2026-01-01 02:02:00,77.0139715546805,0.39410122482375165,101.91619066608756,1545.9614467287602,0
2026-01-01 02:03:00,62.990744686038596,0.3672710023077489,96.57098526180854,1466.5927957230504,0
2026-01-01 02:04:00,72.93428546900135,0.37965933133196983,104.9002945969033,1593.6648888108773,0
2026-01-01 02:05:00,80.95227812904989,0.27443921617844075,96.56096382094394,1554.0024032857325,0
2026-01-01 02:06:00,65.04731837434656,0.25051975898707096,100.9079063957171,1477.6339052170624,0
2026-01-01 02:07:00,67.16851135198614,0.29371065399501756,97.73717244994192,1564.0508180867557,0
2026-01-01 02:08:00,70.4982568254382,0.30278624561443473,99.80758496022102,1503.39277552637,0
2026-01-01 02:09:00,67.48262172941901,0.3547095759235474,100.98628723091045,1542.638683756111,0
2026-01-01 02:10:00,62.24668284466934,0.21537676851425902,100.96407164635082,1524.2366408647238,0
2026-01-01 02:11:00,70.34281487403014,0.3764775159730307,101.26576226270585,1457.6821672504564,0
2026-01-01 02:12:00,64.68848143136948,0.29209960507105054,104.84113380717594,1467.8225083841269,0
2026-01-01 02:13:00,72.36796215317591,0.278655946502629,101.36060290454193,1551.498040879058,0
2026-01-01 02:14:00,65.40287882883098,0.2493947812369916,99.26753009412805,1483.261233394673,0
2026-01-01 02:15:00,77.7496720250877,0.2172571664067115,102.89226150486508,1479.8175768379,0
2026-01-01 02:16:00,66.08373353831881,0.3411585291980957,103.56841146677392,1452.2438710325323,0
2026-01-01 02:17:00,68.38969241897162,0.3036658983594202,96.31717655458903,1521.179953279673,0
2026-01-01 02:18:00,74.06758608684835,0.2355019550129473,101.79220020954958,1603.1262459621573,0
2026-01-01 02:19:00,63.84567841783022,0.23524606139681917,102.10351822693269,1446.6233542872862,0
2026-01-01 02:20:00,71.13729967302065,0.2832107650354936,99.10730948992003,1501.210972833638,0
2026-01-01 02:21:00,76.53571377141213,0.3834510762644696,104.12712043993486,1570.6110277707714,0
2026-01-01 02:22:00,61.96258382719386,0.28702043243181974,99.54983323890242,1496.0179304377143,0
2026-01-01 02:23:00,70.92316929266153,0.22484285234409468,100.37672936041463,1522.6185898124868,0
2026-01-01 02:24:00,71.29941397124212,0.2877128467957028,99.48078452714839,1446.880323592656,0
2026-01-01 02:25:00,73.90911435888655,0.28636382151261647,100.0467371427444,1521.4153548603824,0
2026-01-01 02:26:00,63.81524644560959,0.1651556678529214,96.7111747393144,1490.6427867497725,0
2026-01-01 02:27:00,63.39771693457862,0.2972852566741094,95.67984735221712,1549.2864997839931,0
2026-01-01 02:28:00,72.60970782808448,0.28845327348956606,104.78351518967492,1559.3693025782375,0
2026-01-01 02:29:00,71.48492336616593,0.3348103182406709,97.45911595504502,1629.4781821009308,0
2026-01-01 02:30:00,71.25246425172938,0.39244780474726726,97.02582295163108,1528.9816586606787,0
2026-01-01 02:31:00,71.73224104748488,0.35632825147738784,93.53982965918885,1516.2898158291084,0
2026-01-01 02:32:00,66.59987639210755,0.28655556547225847,98.0831147569315,1509.719215078867,0
2026-01-01 02:33:00,71.16126848580502,0.24467370456291648,96.0307306197775,1482.3416853594656,0
2026-01-01 02:34:00,71.46536236649341,0.428667990162493,104.9260454804091,1516.9241921730845,0
2026-01-01 02:35:00,66.42824290986816,0.3029609217007244,103.0294512680279,1485.2299294930485,0
2026-01-01 02:36:00,79.32887255572378,0.3006964645956473,97.93554896446683,1508.4230488134808,0
2026-01-01 02:37:00,72.36916460455893,0.29879374564449984,106.75730741603293,1565.879876780398,0
2026-01-01 02:38:00,64.04348251398676,0.30990423803839273,102.94529646097479,1449.672871736018,0
2026-01-01 02:39:00,73.28276804316914,0.29278197940380285,99.02550584947413,1556.9939280564522,0
2026-01-01 02:40:00,65.1265916488634,0.27131689965598815,92.50178285537928,1565.8557533669932,0
2026-01-01 02:41:00,73.93542301871226,0.27265705293798037,106.87282771777222,1494.096573650446,0
2026-01-01 02:42:00,75.79297789503703,0.2983623364892001,95.83128259970921,1393.9072550495703,0
2026-01-01 02:43:00,65.89658840824144,0.27282876144331175,95.06380375912933,1469.6089006452785,0
2026-01-01 02:44:00,74.8168806462216,0.2643577108661418,103.06771129602892,1564.8497273280555,0
2026-01-01 02:45:00,72.06390463468249,0.30532151138459485,107.31925721901781,1498.856596885056,0
2026-01-01 02:46:00,74.11030079997245,0.2872511391289572,104.15281845553156,1450.0348883852544,0
2026-01-01 02:47:00,79.48396491326973,0.3751996494291344,101.69172736015707,1474.761253938589,0
2026-01-01 02:48:00,99.6811250493595,0.5276195849022443,101.78426302499585,1542.0310013252276,1
2026-01-01 02:49:00,66.23131917821256,0.35457534259612306,102.56024667634092,1527.336678410069,0
2026-01-01 02:50:00,65.55242785187238,0.36230425962488144,102.2767857693603,1488.0533950415154,0
2026-01-01 02:51:00,65.92094857517282,0.19633048837959252,100.84357427190812,1481.6587794092657,0
2026-01-01 02:52:00,69.61449145292949,0.28286562029598256,100.31260331185563,1480.412092547809,0
2026-01-01 02:53:00,71.70575987408321,0.2814279567002104,99.81222061630143,1453.8794907750748,0
2026-01-01 02:54:00,71.38345399665009,0.22962441526410893,97.73810623339998,1580.7687844734721,0
2026-01-01 02:55:00,74.13591624518011,0.2611091656204562,99.15797476939967,1483.883976539433,0
2026-01-01 02:56:00,70.06500945938953,0.24447120772670855,94.92112955741385,1560.8579260412748,0
2026-01-01 02:57:00,77.26767038578659,0.3876135221711811,99.70498111961575,1576.0658025961225,0
2026-01-01 02:58:00,68.67671583381022,0.34678391965737304,97.03422667854724,1549.915544907398,0
2026-01-01 02:59:00,83.6008458329481,0.36357775474970794,96.6892320483527,1478.4189843640975,0
2026-01-01 03:00:00,73.12833673882503,0.33608360320216174,100.53968245346043,1520.1865045168304,0
2026-01-01 03:01:00,65.71421221791859,0.24354741143913852,104.1760068590338,1498.7902196804541,0
2026-01-01 03:02:00,64.64553750969444,0.27377398668601133,102.75494981800693,1454.8149069634935,0
2026-01-01 03:03:00,72.41236207621593,0.3244687280613959,95.28849818913046,1516.2179640860802,0
2026-01-01 03:04:00,68.88268607337075,0.2388936095554027,97.03111559028899,1441.0480104420099,0
2026-01-01 03:05:00,73.57000247046047,0.3356499215086194,102.82231356396464,1559.3839694230783,0
2026-01-01 03:06:00,72.36618812286773,0.28798373009209327,97.05253781938507,1476.7691351350804,0
2026-01-01 03:07:00,69.63585543671563,0.2812589596225201,99.32610055000893,1510.057982793642,0
2026-01-01 03:08:00,65.76603140965797,0.3355479984101746,101.65015629707365,1514.164393577307,0
2026-01-01 03:09:00,62.42576387657068,0.32221316557430196,97.0949666354091,1487.054751314796,0
2026-01-01 03:10:00,67.76742523966489,0.281951691709046,100.31612651843788,1529.3346900737638,0
2026-01-01 03:11:00,74.28199397161737,0.3579664901682124,95.99792351524539,1476.2548171688738,0
2026-01-01 03:12:00,71.07046872065102,0.2459468336200051,98.19589706814637,1543.5648648728622,0
2026-01-01 03:13:00,63.77130610644006,0.33079678034721316,100.9593458024276,1432.7010159876627,0
2026-01-01 03:14:00,70.86590462925591,0.32965506289841917,95.22101879940499,1506.3189789773205,0
2026-01-01 03:15:00,71.92658689864419,0.2845226780343005,101.3214242138812,1596.9464499529142,0
2026-01-01 03:16:00,65.58071281899433,0.3163066511121059,99.94108660321996,1449.9834337697212,0
2026-01-01 03:17:00,70.76862552972764,0.23744432118073483,101.65746986325145,1466.1127514737575,0
2026-01-01 03:18:00,70.29104359223,0.34620135096034504,100.67174240219398,1525.6953924829459,0
2026-01-01 03:19:00,64.28514851084688,0.2907548931778505,104.09242128992153,1508.9790890969798,0
2026-01-01 03:20:00,71.78893680174141,0.27386384897404803,100.37567350794372,1517.531504963678,0
2026-01-01 03:21:00,72.80392263184117,0.35245046129184443,98.71178337662424,1524.459356507383,0
2026-01-01 03:22:00,75.41525621587638,0.26478281547286203,100.36689250909686,1531.7360734280885,0
2026-01-01 03:23:00,75.26901026017451,0.229576935181822,101.62989408710916,1555.484992097811,0
2026-01-01 03:24:00,63.111653160214544,0.22216854132380479,100.1465802109771,1520.4909328464257,0
2026-01-01 03:25:00,65.31087480042439,0.33030049756728197,100.12177507361164,1487.9371172690728,0
2026-01-01 03:26:00,72.5751763360433,0.23597853237518582,97.89402493657974,1533.6286850601366,0
2026-01-01 03:27:00,72.56892975456104,0.38773970909921823,98.01129724734716,1594.9940967447608,0
2026-01-01 03:28:00,72.57523843153024,0.1959035296058139,95.79218418460091,1493.3683126808712,0
2026-01-01 03:29:00,89.26365745327361,0.3848228184145019,105.24873022956082,1451.273534766468,0
2026-01-01 03:30:00,72.85445255346583,0.31055087336013093,96.26841029382615,1555.3540334643487,0
2026-01-01 03:31:00,75.677828200903,0.2951643444064804,97.92128440661227,1493.98094180232,0
2026-01-01 03:32:00,74.770008817466,0.2727540456595525,97.8447782032924,1391.3665226992982,0
2026-01-01 03:33:00,73.256956256529,0.31995680571760354,102.68477313083332,1542.3710838575212,0
2026-01-01 03:34:00,68.42365377679828,0.2981182648787576,99.11515096512392,1473.233590702304,0
2026-01-01 03:35:00,73.79484610246634,0.3551650941008261,103.7432262180212,1495.473335884792,0
2026-01-01 03:36:00,66.13587392731215,0.305711382433102,97.9795281272684,1516.5990165284506,0
2026-01-01 03:37:00,68.81590696629996,0.30751508807309386,100.8369824866714,1509.5249839889534,0
2026-01-01 03:38:00,67.57318226085448,0.2818193893893072,97.49395884022073,1535.472590856952,0
2026-01-01 03:39:00,70.40937069693162,0.2971527188139466,106.43544738332017,1478.2256814715079,0
2026-01-01 03:40:00,81.57329283336755,0.3153900884446029,96.43720474291146,1525.6552899088042,0
2026-01-01 03:41:00,60.66367403704126,0.21449158036716873,100.92946213068109,1487.0226661208042,0
2026-01-01 03:42:00,73.43130095187257,0.23259072889471433,101.9013306427963,1536.9405240443753,0
2026-01-01 03:43:00,61.93642064405174,0.33716320470113575,101.24139729235449,1530.7683742006527,0
2026-01-01 03:44:00,67.64034067105283,0.3085432719063971,99.44413702336688,1453.2280648977703,0
2026-01-01 03:45:00,75.44475298483682,0.29080083318236605,99.61053790079973,1554.2991058087516,0
2026-01-01 03:46:00,70.32140009547732,0.3009216966532696,100.13143441593733,1473.2018277442976,0
2026-01-01 03:47:00,64.61127611035347,0.31737908526808356,99.55899399511453,1540.4028899140574,0
2026-01-01 03:48:00,66.42348145370016,0.2730120159845319,102.89163735038473,1518.364365670067,0
2026-01-01 03:49:00,73.39798874467338,0.2610847637298844,106.63156900477405,1591.9091838397562,0
2026-01-01 03:50:00,66.34816684141431,0.3097922627548841,98.32752464497649,1488.8267008814073,0
2026-01-01 03:51:00,71.08229294790988,0.2510813611192484,95.89059106126277,1482.5341601940902,0
2026-01-01 03:52:00,70.22785919951907,0.3204126377857236,99.73515385494623,1499.0290197056133,0
2026-01-01 03:53:00,66.74199826197092,0.21487081978810796,107.73912801296295,1484.8410108582862,0
2026-01-01 03:54:00,80.71972044662662,0.3514577818662822,97.5889762960908,1539.9970950971026,0
2026-01-01 03:55:00,73.16959511159006,0.32362987412065214,104.9173504163322,1419.1844695781706,0
2026-01-01 03:56:00,59.874287066711965,0.3128014867156938,105.03310244222932,1447.3158790426824,0
2026-01-01 03:57:00,70.93227157384713,0.3491345491972757,98.33923527487602,1446.6098539210404,0
2026-01-01 03:58:00,66.69106767615806,0.38327372222312883,101.70694923755583,1547.5153795986787,0
2026-01-01 03:59:00,74.26216667398111,0.35071850325090653,104.88518986938561,1585.5306686290962,0
2026-01-01 04:00:00,66.0373963078365,0.2079562884334177,98.86261677703754,1494.7775390731265,0
2026-01-01 04:01:00,69.4263177926655,0.2360211516632149,99.38925891969292,1491.5589138404994,0
2026-01-01 04:02:00,72.52493639490228,0.268759071115216,98.25495725815406,1503.5026081556591,0
2026-01-01 04:03:00,74.32877597085061,0.30130455251054167,96.9557298079214,1558.0939151304094,0
2026-01-01 04:04:00,103.26439103017705,0.8428214331882224,98.05216736480197,1453.6323432904712,1
2026-01-01 04:05:00,68.32749382079525,0.2637128093423267,96.32817919971323,1511.9184491367394,0
2026-01-01 04:06:00,67.62527344419522,0.3093383382238539,100.10225040477768,1548.7598814891214,0
2026-01-01 04:07:00,66.73335383713145,0.2622308533823339,97.69008030682407,1525.0547084969924,0
2026-01-01 04:08:00,78.82727120140548,0.26942410985040255,100.70135773537224,1509.4790808299372,0
2026-01-01 04:09:00,72.02490855480478,0.22966694515758887,95.33231306138912,1550.052304628357,0
2026-01-01 04:10:00,63.69558022832477,0.2538383376944548,100.99264069664338,1364.8383853500382,0
2026-01-01 04:11:00,74.58930973527389,0.2324157697191833,102.50058688482677,1533.8937659765454,0
2026-01-01 04:12:00,80.61078098506317,0.25120633735113335,94.01879307228563,1467.2962158436287,0
2026-01-01 04:13:00,75.16232630275573,0.35268208983039195,101.12216970954272,1408.4683551571773,0
2026-01-01 04:14:00,62.403150170229935,0.25253005555840286,103.68300697741988,1525.560129976249,0
2026-01-01 04:15:00,67.57882963566874,0.43161910324186953,96.37107694392638,1568.6829272581479,0
2026-01-01 04:16:00,76.33455574593312,0.3246658950440445,105.01771716051312,1493.1275742686155,0
2026-01-01 04:17:00,66.4616526719061,0.3092418061847437,101.25705702809813,1547.6437273601468,0
2026-01-01 04:18:00,72.21909714073114,0.2570821109909393,97.88496443272477,1580.6139128994323,0
2026-01-01 04:19:00,73.87317026714669,0.33501549397044955,99.83269276702688,1565.7457226792023,0
2026-01-01 04:20:00,65.36534764210958,0.2712181086881113,101.67498073756516,1581.9982264685696,0
2026-01-01 04:21:00,69.702373219691,0.3061004907322681,100.22801617423724,1537.1063745535946,0
2026-01-01 04:22:00,53.79366329965464,0.42800422691343976,101.6162679773391,1503.7716819450795,0
2026-01-01 04:23:00,64.87806179332856,0.2951970050137675,97.2379792207619,1419.9017094051417,0
2026-01-01 04:24:00,68.7371592430342,0.3574636663142838,100.50808247210823,1487.6968755935027,0
2026-01-01 04:25:00,63.76108409017575,0.2648411787437056,95.75885650928505,1457.8376702341905,0
2026-01-01 04:26:00,78.16205651965818,0.2982505754751519,99.66632181595389,1608.5471358748907,0
2026-01-01 04:27:00,62.84929311019684,0.3885400317817755,97.28827707560563,1491.205709378383,0
2026-01-01 04:28:00,67.79977756651508,0.2686516471106116,97.7934101722307,1506.1602403392242,0
2026-01-01 04:29:00,70.65370288643045,0.3906224278998464,103.70827952563131,1527.5742688020234,0
2026-01-01 04:30:00,77.20636644533057,0.33538759677277374,103.2739303617828,1502.1801223186226,0
2026-01-01 04:31:00,62.8206892441028,0.2718766612052866,101.82741436272153,1584.7525520215377,0
2026-01-01 04:32:00,75.8158187607748,0.331620386952776,96.72306170598226,1468.8675319132774,0
2026-01-01 04:33:00,70.05116530509794,0.3486277224813365,99.0507746509156,1509.730372761862,0
2026-01-01 04:34:00,65.09245674476024,0.33109049811085983,103.63929309993755,1462.8764707150976,0
2026-01-01 04:35:00,72.31051737131635,0.22148876400547715,100.42515074091972,1433.9988744389648,0
2026-01-01 04:36:00,70.99529847786735,0.26364314120875654,106.95798861994508,1469.4115454547357,0
2026-01-01 04:37:00,66.99891561420603,0.28762406822242476,101.17995351818311,1498.1481601475793,0
2026-01-01 04:38:00,70.3490104249501,0.2962783285449977,100.57614734947009,1478.534888774137,0
2026-01-01 04:39:00,68.0734320156912,0.3310336048775339,99.07265060739249,1465.3789510063073,0
2026-01-01 04:40:00,70.56758672625624,0.30888505004666267,100.40062271434685,1429.6841268164083,0
2026-01-01 04:41:00,73.31065337260523,0.2332327820644949,99.54259049085837,1495.8447213685652,0
2026-01-01 04:42:00,77.93008408072676,0.31900989255029816,102.12432603006577,1424.7639812984498,0
2026-01-01 04:43:00,63.810922505865754,0.3305292872641912,102.87010695038376,1538.00279818448,0
2026-01-01 04:44:00,80.66516687328134,0.327989522396552,97.64203161847615,1504.121987646725,0
2026-01-01 04:45:00,60.23956100238749,0.3540390362777311,96.00630113932667,1427.1224250267535,0
2026-01-01 04:46:00,69.24107452482208,0.3416961077274452,94.49138388069011,1484.5395461475068,0
2026-01-01 04:47:00,72.94158603242288,0.3229590039614218,101.52397398073764,1462.392179720471,0
2026-01-01 04:48:00,71.40495933867517,0.2964917144270676,96.68990018147838,1515.958725520959,0
2026-01-01 04:49:00,66.88650240089703,0.21695195332420045,93.54132822114255,1567.0225223011573,0
2026-01-01 04:50:00,68.95938874821363,0.3214809109566293,101.16573581359289,1406.2413765177128,0
2026-01-01 04:51:00,67.53499532670584,0.3103843843581556,107.47899855229838,1505.751303957371,0
2026-01-01 04:52:00,67.05317621527894,0.31357894185976865,99.98178726538032,1491.993360221668,0
2026-01-01 04:53:00,74.24801048510513,0.2361625712089845,102.51547232335493,1533.5670038225232,0
2026-01-01 04:54:00,71.78507742982524,0.24594717297958688,100.2454880756427,1510.6598314118844,0
2026-01-01 04:55:00,66.53545202369673,0.3526576426666452,99.70333104042658,1462.401533413059,0
2026-01-01 04:56:00,74.49799937716625,0.29802224230716723,102.7572294489633,1484.047303216669,0
2026-01-01 04:57:00,71.53649760438304,0.3340750348686312,99.12917636743404,1460.1987071598255,0
2026-01-01 04:58:00,74.0643105941948,0.30141591880652296,100.80217694221571,1553.8003569299299,0
2026-01-01 04:59:00,73.14814420961807,0.30148780697478716,100.96509341858804,1501.065582433597,0
2026-01-01 05:00:00,65.85502494538964,0.3469141902987999,97.99572863907085,1595.0595342876504,0
2026-01-01 05:01:00,67.19909479901516,0.2741977635891313,102.97612704860957,1496.966959309269,0
2026-01-01 05:02:00,73.7364680256163,0.30480603884704915,99.47512072991377,1464.579661654477,0
2026-01-01 05:03:00,73.05185132716733,0.27688623556474784,97.73276452152146,1424.3142803693586,0
2026-01-01 05:04:00,69.89549203017926,0.2782751886283842,101.60952953071121,1409.8430161872027,0
2026-01-01 05:05:00,70.58663691654391,0.284541393826568,97.30459605462688,1420.7932028497255,0
2026-01-01 05:06:00,76.38832447894212,0.3111066885816856,100.08454347210738,1513.3563325505743,0
2026-01-01 05:07:00,67.04214305582084,0.2760625689168261,99.97264301006739,1525.4362511614968,0
2026-01-01 05:08:00,72.7354869058502,0.362787806278676,103.25768669749473,1420.9404648983934,0
2026-01-01 05:09:00,68.98903673783053,0.25526963488902477,101.42409469863986,1544.7519157038057,0
2026-01-01 05:10:00,68.9115939838639,0.290656417791932,99.92491912376457,1475.846947415828,0
2026-01-01 05:11:00,75.49388425993595,0.2780134470862912,102.45329889760086,1507.3396505992775,0
2026-01-01 05:12:00,74.12708174494016,0.37234889421768663,104.17062264705194,1580.6110314127711,0
2026-01-01 05:13:00,74.06754818000319,0.30982773882557874,101.67343091905559,1544.8419657932766,0
2026-01-01 05:14:00,76.52739403577165,0.35159222697343173,100.03105785953014,1486.5734676047084,0
2026-01-01 05:15:00,70.1050192081638,0.22572198134815138,96.06449130294952,1455.4403887292356,0
2026-01-01 05:16:00,73.40976485647482,0.3133525132934629,96.80465901077389,1392.4092299335348,0
2026-01-01 05:17:00,68.44866621703272,0.34448153978117185,99.084325886936,1464.042334037879,0
2026-01-01 05:18:00,71.62083176244221,0.3041141994637712,98.17146339352215,1489.4434880586152,0
2026-01-01 05:19:00,69.34928472816158,0.3532740187532675,99.43908609104366,1450.6410236424408,0
2026-01-01 05:20:00,70.48497982496359,0.27413557749498135,100.16994977469132,1493.4371516453848,0
2026-01-01 05:21:00,72.97578512718457,0.370467372009279,101.58907826307019,1503.8425941479384,0
2026-01-01 05:22:00,65.90889658383264,0.4149449061809625,99.78850366582273,1488.7572009095961,0
2026-01-01 05:23:00,80.4619363784273,0.28185807197801704,101.4595049314786,1467.499870958827,0
2026-01-01 05:24:00,64.96991309250149,0.2777248739299614,100.19342324443036,1508.4327335983364,0
2026-01-01 05:25:00,63.929056936061336,0.372669223855885,94.07360030093838,1522.0970324784705,0
2026-01-01 05:26:00,75.79055436750033,0.3789786072865356,97.18199381854373,1445.4800461278578,0
2026-01-01 05:27:00,73.95831346981468,0.2738569986423366,99.56773733283515,1570.5466189873134,0
2026-01-01 05:28:00,73.12059908526078,0.2789906591452071,96.37091577147667,1495.0705933857869,0
2026-01-01 05:29:00,119.63748467187713,0.6043100562499595,101.79978618998861,1500.9424811472425,1
2026-01-01 05:30:00,69.93876613576543,0.23277747444828614,104.5922524970311,1535.410721162828,0
2026-01-01 05:31:00,65.51372814257084,0.2540674026757901,103.65628555509196,1511.6608065631751,0
2026-01-01 05:32:00,70.37902279096863,0.2497929616623966,99.35967138720937,1547.6568316956623,0
2026-01-01 05:33:00,66.61419144243945,0.2616101217447936,104.47217841054986,1514.3562082600913,0
2026-01-01 05:34:00,74.87559866708875,0.29826575563066093,100.44600237160634,1469.378131267978,0
2026-01-01 05:35:00,69.2647130924893,0.311710736626826,98.98874208664589,1518.0751762603052,0
2026-01-01 05:36:00,65.87251401603744,0.3775250246407038,98.15979200937718,1442.813689633967,0
2026-01-01 05:37:00,68.39307079173503,0.2500822979630604,99.09259094053562,1505.4279852888262,0
2026-01-01 05:38:00,72.06465727137812,0.34921611992382917,98.83546954437631,1498.338500467777,0
2026-01-01 05:39:00,67.18137723598012,0.28930055778872454,100.51124866712647,1489.594157136373,0
2026-01-01 05:40:00,65.88889802216784,0.29752681451737834,100.4817219431496,1493.5731244280535,0
2026-01-01 05:41:00,71.21843605745956,0.3337409746083302,100.00913806046024,1405.907547725118,0
2026-01-01 05:42:00,71.22483285554361,0.24386389892188506,101.31081450923905,1472.563754612952,0
2026-01-01 05:43:00,67.46528412314436,0.3191204873092025,103.57193882435902,1504.6422450570558,0
2026-01-01 05:44:00,67.64480847190839,0.3083226104106528,102.84866240632397,1507.99281959987,0
2026-01-01 05:45:00,108.99672895245817,0.7558671411828704,95.54530609465029,1448.616242953702,1
2026-01-01 05:46:00,62.75957829251338,0.3144584321953909,92.33823659529413,1563.285392043235,0
2026-01-01 05:47:00,62.962681128117225,0.4227650069955447,102.80295973371783,1456.691257589275,0
2026-01-01 05:48:00,66.40777889373781,0.26811300078743416,95.89936390475374,1548.4728600263368,0
2026-01-01 05:49:00,68.93276424144076,0.2734501522499091,99.32570379432195,1521.3597180935842,0
2026-01-01 05:50:00,71.55453782799002,0.26884297367876175,96.48966092182192,1467.6886345078099,0
2026-01-01 05:51:00,77.37678108474776,0.27222614404198725,94.59405868725995,1588.7655446304757,0
2026-01-01 05:52:00,74.2882981160101,0.2681306436346741,101.62438818461436,1440.318158412176,0
2026-01-01 05:53:00,69.20030735018287,0.3594508265553776,102.27746548090794,1545.9577086805,0
2026-01-01 05:54:00,69.90491896048655,0.3710252123994927,98.27046879781985,1550.029115902149,0
2026-01-01 05:55:00,64.98735317681096,0.27146268531252615,92.22687312356527,1466.4689895461677,0
2026-01-01 05:56:00,69.90743432003805,0.25838222134478855,98.36126665524255,1569.6232650032164,0
2026-01-01 05:57:00,68.55670680539932,0.3235707778193202,101.17541201620764,1487.4976742700524,0
2026-01-01 05:58:00,71.61359280169044,0.2723888477859514,95.56326529367762,1514.4346814639928,0
2026-01-01 05:59:00,65.86384528223839,0.33164659088777554,100.55007975933746,1513.016091938561,0
2026-01-01 06:00:00,72.59673257120586,0.310146151042565,99.95407045248102,1493.2845629264725,0
2026-01-01 06:01:00,77.66369456501289,0.22421279425013838,101.73787449880327,1540.5404136579891,0
2026-01-01 06:02:00,69.45619925771571,0.37737526006650307,100.35874110524246,1539.6744360276107,0
2026-01-01 06:03:00,72.0085586104947,0.3897938836547761,97.08079317735533,1412.573401338091,0
2026-01-01 06:04:00,73.45071995855557,0.2693605654757807,103.58971450499348,1565.2170121439076,0
2026-01-01 06:05:00,67.99389764057082,0.28061492200320076,99.5244112809191,1416.8754005982162,0
2026-01-01 06:06:00,71.12046240905208,0.31429326953624526,99.9180863814702,1551.6273102170828,0
2026-01-01 06:07:00,70.06296200390898,0.31672283949935126,97.20019612278041,1556.335256841379,0
2026-01-01 06:08:00,70.48838049274416,0.33292721363364153,98.67015324642547,1445.45167848924,0
2026-01-01 06:09:00,66.13495108072267,0.4005102269383175,97.3455918579193,1479.4592856022707,0
2026-01-01 06:10:00,70.12255087129472,0.2911526386252975,99.48116182022973,1444.7147665757032,0
2026-01-01 06:11:00,72.48999145622724,0.2600851377730773,105.13512544042703,1489.2539484855633,0
2026-01-01 06:12:00,77.2557180389752,0.23103403859927363,95.88429657120594,1484.598285790713,0
2026-01-01 06:13:00,74.79635413042604,0.263453498002904,95.15931580636978,1538.983026613467,0
2026-01-01 06:14:00,80.76591228755778,0.29834365135631014,104.41351098248083,1565.5154373059804,0
2026-01-01 06:15:00,66.16326218555976,0.38972789317588935,99.3720289685444,1569.7841905394978,0
2026-01-01 06:16:00,74.36160318360339,0.2741194350481914,97.99278178402025,1471.891598671085,0
2026-01-01 06:17:00,70.91671002869175,0.3111893975819449,103.11971406218822,1489.5389063127736,0
2026-01-01 06:18:00,80.94901466608836,0.2991788551963624,98.1831533807894,1415.8280903889524,0
2026-01-01 06:19:00,65.95850857322424,0.3594196636724042,105.47802914064081,1459.7064966751905,0
2026-01-01 06:20:00,65.80139078909612,0.42634662129368106,102.03377761401781,1548.242581654873,0
2026-01-01 06:21:00,67.0030367727799,0.27345656135398394,98.5362657755629,1580.7791411774115,0
2026-01-01 06:22:00,59.380521378450965,0.27552802787408887,106.47192463979651,1438.282556406004,0
2026-01-01 06:23:00,67.3712248915962,0.3522080438534536,98.18285523098999,1470.3767870423553,0
2026-01-01 06:24:00,66.20433669223151,0.3340945744813156,102.22628611602792,1498.6797121520538,0
2026-01-01 06:25:00,70.75196893238103,0.39233536628680166,100.89787774121947,1514.0080579409803,0
2026-01-01 06:26:00,71.70877987888579,0.3291964092662982,103.9052238681964,1459.5198240039176,0
2026-01-01 06:27:00,79.38085419607943,0.282035395460647,104.68453359018056,1521.2030522232044,0
2026-01-01 06:28:00,74.75211919093024,0.3295327415346155,100.0960124471973,1476.3080326464542,0
2026-01-01 06:29:00,67.11548172168798,0.3554351790291454,97.73974638896145,1499.277386456086,0
2026-01-01 06:30:00,65.50792664325822,0.3410241090598682,101.37991642881735,1527.314212400185,0
2026-01-01 06:31:00,72.45959585753253,0.32536370155536487,97.96685389074368,1500.3211134905468,0
2026-01-01 06:32:00,63.39883396489679,0.3533337344794577,106.04016174257987,1478.1807054736717,0
2026-01-01 06:33:00,79.15729382927177,0.3584647795222836,100.4096059932482,1494.5195098037084,0
2026-01-01 06:34:00,75.89720060360644,0.36910794955187637,98.90403534606368,1495.5818520397331,0
2026-01-01 06:35:00,67.65412173947648,0.3324354943794821,100.55404091759472,1481.4994485058935,0
2026-01-01 06:36:00,61.43432735454561,0.29164409598415725,95.95862113141091,1487.060196866645,0
2026-01-01 06:37:00,76.76936187082707,0.30733568432166614,97.08515788446805,1579.932358525236,0
2026-01-01 06:38:00,69.42730077373692,0.36032544832541785,103.60124172383328,1528.0459723970619,0
2026-01-01 06:39:00,76.1890815598673,0.25915321645063816,98.0293171630858,1485.225984098542,0
2026-01-01 06:40:00,62.02786170602816,0.31843366544364504,96.85926705195418,1534.8477202255367,0
2026-01-01 06:41:00,67.00312488523113,0.28033305938363196,101.60995825758185,1483.3090255121995,0
2026-01-01 06:42:00,70.02621849859092,0.30143724114674086,103.55711246398899,1558.6562318793322,0
2026-01-01 06:43:00,70.2349029688237,0.3639225931303649,102.1568599319952,1518.4821096099047,0
2026-01-01 06:44:00,67.74967264260378,0.30955495340099515,102.98814305741745,1494.6348927997885,0
2026-01-01 06:45:00,73.11424966173749,0.30232182740780744,97.72961473429162,1522.3858462905139,0
2026-01-01 06:46:00,64.66189785308703,0.23200719295100403,95.73456799977447,1421.456192396575,0
2026-01-01 06:47:00,69.28810257489353,0.337312678301361,104.50400095586646,1443.6616265545097,0
2026-01-01 06:48:00,70.60147815855949,0.33227420905705374,99.0319604834736,1440.3037496800473,0
2026-01-01 06:49:00,72.57219417029374,0.408162736165273,99.24750095063486,1507.1471547381852,0
2026-01-01 06:50:00,73.55807439044445,0.28461108825235,103.98458242554717,1586.6257499742546,0
2026-01-01 06:51:00,64.37678954081065,0.3109575163831969,101.66869002820198,1611.5650073096317,0
2026-01-01 06:52:00,62.329429146321885,0.31246918418553776,101.36766331624483,1531.9025550720378,0
2026-01-01 06:53:00,76.38838410949255,0.3788726639881737,106.49500703470325,1525.0422237472228,0
2026-01-01 06:54:00,71.66157005989795,0.2952352233806524,98.06944530885957,1409.9471132923632,0
2026-01-01 06:55:00,102.05815119019536,0.6750245895524251,102.78352038424372,1472.866310013299,1
2026-01-01 06:56:00,114.80781199618978,0.8075241524326349,100.17103937469125,1460.6108124045882,1
2026-01-01 06:57:00,70.57837317146429,0.3093304561578179,100.80577683658977,1468.9576200874442,0
2026-01-01 06:58:00,75.89648592031914,0.27767831927247355,104.58540527923759,1491.5928090707605,0
2026-01-01 06:59:00,70.33759240705055,0.30970449964491537,101.52350726886887,1476.3954711151437,0
2026-01-01 07:00:00,80.30373962440993,0.3536815874929886,101.6148882371489,1401.0350094812106,0
2026-01-01 07:01:00,78.77670421221602,0.24867423502944697,103.2175220119294,1537.3955128058767,0
2026-01-01 07:02:00,68.75517925760464,0.30664848370734377,98.90514181137135,1446.3628487130097,0
2026-01-01 07:03:00,74.85785475477178,0.2649939592530413,97.48237099798298,1511.9623432055575,0
2026-01-01 07:04:00,73.22687974792574,0.35975233144624214,96.8655724179369,1603.7041334874987,0
2026-01-01 07:05:00,76.84315778766174,0.22384065476081125,94.100930231872,1454.030770420679,0
2026-01-01 07:06:00,65.17538269709948,0.27205390763642057,106.16862138982097,1373.4856238626835,0
2026-01-01 07:07:00,73.43025729999219,0.318860593753226,96.69037490283495,1485.6997889059944,0
2026-01-01 07:08:00,75.29212243424794,0.37827620146171703,99.33623912924268,1555.0479817499286,0
2026-01-01 07:09:00,61.20630256788443,0.2967124869463506,99.16956010033324,1597.9173727110297,0
2026-01-01 07:10:00,64.08370743667112,0.27224002366534006,100.9222200934273,1438.522520277379,0
2026-01-01 07:11:00,59.803839111199494,0.3940578534720295,102.44721163761788,1524.8349611618262,0
2026-01-01 07:12:00,68.65296582777721,0.2275993049791878,102.58142046507923,1476.7344771609974,0
2026-01-01 07:13:00,73.58771127897981,0.1900597021689959,98.25076768429318,1494.7025822847932,0
2026-01-01 07:14:00,77.51178526048014,0.3220007225026666,99.49863485864077,1632.2171673508517,0
2026-01-01 07:15:00,70.37047390209888,0.2748972887823694,100.8477398514649,1424.8514835802423,0
2026-01-01 07:16:00,78.14307772785646,0.24893835914346432,99.25392662144935,1512.6869830747287,0
2026-01-01 07:17:00,63.099492708925546,0.33541782236496764,104.82203672805998,1523.3846585882716,0
2026-01-01 07:18:00,61.48308780322423,0.3121900356885599,101.47292485491475,1554.2893162469672,0
2026-01-01 07:19:00,69.72226150551691,0.27179606846316356,102.20463335814945,1504.8991576735448,0
2026-01-01 07:20:00,71.92032724469654,0.23598478006645526,101.98864380600224,1515.402526975205,0
2026-01-01 07:21:00,69.83652625952953,0.34362286641400724,103.52042157245597,1480.4175716289105,0
2026-01-01 07:22:00,59.66278949980062,0.33251005889793306,100.54306467611111,1513.4563470622554,0
2026-01-01 07:23:00,69.55439980243605,0.29504120681103085,96.10950415613246,1482.8403862251296,0
2026-01-01 07:24:00,63.47765249747573,0.3923318498023833,101.19906385525792,1531.0785944928025,0
2026-01-01 07:25:00,73.3483627441502,0.24649576168369236,98.04592931862452,1481.5194831978183,0
2026-01-01 07:26:00,71.83299123048424,0.22372374145376303,98.41414995475073,1518.8550196951094,0
2026-01-01 07:27:00,65.30060106836322,0.2654045965059378,101.75909205626527,1498.5368593157511,0
2026-01-01 07:28:00,67.43066541331653,0.2977206991822251,103.71484921430091,1556.3025125386084,0
2026-01-01 07:29:00,64.70393239055524,0.31216697246613456,100.06381473020818,1497.4303138205757,0
2026-01-01 07:30:00,69.68660451363414,0.2879381971071835,100.92649903779689,1411.348376589656,0
2026-01-01 07:31:00,74.77571160250619,0.31760276982571484,105.10664483390572,1563.0960750356996,0
2026-01-01 07:32:00,65.07136976832228,0.23742302879047777,100.7222595384657,1454.713384956869,0
2026-01-01 07:33:00,72.52023257758923,0.372188230203663,107.80504934254118,1467.311683067559,0
2026-01-01 07:34:00,67.3487119081378,0.29589244108037155,101.69652893689464,1470.2169352978253,0
2026-01-01 07:35:00,66.03563583868828,0.35586479157940637,94.71771172253254,1568.7219046585408,0
2026-01-01 07:36:00,69.46484820022721,0.3171362673188852,102.2600248633136,1393.2162893010652,0
2026-01-01 07:37:00,64.82378838790314,0.3228376609576892,101.14347515464833,1656.8874266829998,0
2026-01-01 07:38:00,67.23175347326409,0.3284883640116102,103.86925826224824,1552.8028404533027,0
2026-01-01 07:39:00,64.01061053705575,0.3223854280008657,102.01954405380988,1511.161945706458,0
2026-01-01 07:40:00,79.82362566458194,0.3321361379933772,99.58463204804868,1497.2552999691857,0
2026-01-01 07:41:00,70.17631775985865,0.36645762650662156,96.3271052911319,1514.2777037428827,0
2026-01-01 07:42:00,66.50137246003708,0.3098260584850735,99.37293022814193,1526.056121418967,0
2026-01-01 07:43:00,71.0698995536711,0.3354501878794256,97.4484386373721,1532.260779297503,0
2026-01-01 07:44:00,69.43835975154585,0.2955132152856387,98.25842965058584,1527.7802233001723,0
2026-01-01 07:45:00,68.89515200233389,0.3720058607724736,101.76573521326183,1504.4790340627624,0
2026-01-01 07:46:00,73.07083350021712,0.2661803848970365,105.00971351305422,1490.1330789846336,0
2026-01-01 07:47:00,73.78753855023652,0.3900470216455408,101.18401458946894,1492.4363358173243,0
2026-01-01 07:48:00,67.34749426194736,0.2979921024677828,96.41235081389445,1490.254585982366,0
2026-01-01 07:49:00,67.1209087967766,0.22846124489409758,101.33380800466043,1556.6885048433533,0
2026-01-01 07:50:00,68.62474151424178,0.30640522074553944,103.58989445993696,1529.6778361140432,0
2026-01-01 07:51:00,58.49039417632208,0.26594741712625597,98.17065128704185,1352.980568266786,0
2026-01-01 07:52:00,62.42404468900724,0.3420321774494362,99.59794849998124,1532.795038826488,0
2026-01-01 07:53:00,125.45457075492862,0.5703959830415879,100.0440645841876,1509.7368097359388,1
2026-01-01 07:54:00,78.22483856750642,0.277690828339261,97.64530506075327,1499.064562177705,0
2026-01-01 07:55:00,68.75481980221811,0.20552296345272345,101.94484130153158,1480.5740773455557,0
2026-01-01 07:56:00,72.88278481527884,0.2773846840375461,99.63715555417666,1556.2056359993007,0
2026-01-01 07:57:00,71.55625077271768,0.17880603366855216,101.25859733172108,1547.376323106143,0
2026-01-01 07:58:00,85.3944040422762,0.22080485882571382,97.3375234665937,1461.3561166088195,0
2026-01-01 07:59:00,75.59787455717289,0.33802073280721484,98.68762509902977,1520.3526143562267,0
2026-01-01 08:00:00,69.36041204259617,0.3392900079325416,102.16714407348331,1451.4171632729358,0
2026-01-01 08:01:00,65.22229779699786,0.3212728780892482,98.8815005437247,1431.0190917605535,0
2026-01-01 08:02:00,61.96776839871214,0.2516511928435393,105.18089155370022,1468.6641387705017,0
2026-01-01 08:03:00,71.01731817933612,0.297614432192901,98.8010914431562,1543.119673619138,0
2026-01-01 08:04:00,66.21824627357849,0.2998198730454716,100.67405417725566,1547.6562522688043,0
2026-01-01 08:05:00,62.888731452011626,0.24208176554037286,102.79777249561927,1525.6542710048645,0
2026-01-01 08:06:00,66.76713557878736,0.3751699150883575,95.74490280120091,1536.2547893423998,0
2026-01-01 08:07:00,64.59225998192802,0.3438681145287836,94.71757356405767,1525.808914355748,0
2026-01-01 08:08:00,78.43570817536282,0.2889517913085168,95.42303105628972,1467.9259202388523,0
2026-01-01 08:09:00,74.40819878474726,0.3013442919497265,103.78775231028155,1521.596127233697,0
2026-01-01 08:10:00,69.96013679341691,0.3104191403973776,98.34442556232266,1540.0204762613841,0
2026-01-01 08:11:00,77.39972069445014,0.19791325657878545,107.67459785700476,1537.7145664906786,0
2026-01-01 08:12:00,110.70002965536716,0.6962940073135886,98.30725720402783,1559.445668573732,1
2026-01-01 08:13:00,65.69357899335868,0.26590078760011004,100.5536539095911,1535.4151923600532,0
2026-01-01 08:14:00,77.61562038634828,0.2499189995052542,104.62632985770362,1517.5724103770792,0
2026-01-01 08:15:00,72.69455021842329,0.28594498535570223,106.01827866447736,1553.5075119158214,0
2026-01-01 08:16:00,64.81376922836772,0.3898843263424761,106.18451072990919,1498.673937037547,0
2026-01-01 08:17:00,69.04830660958196,0.3320421430633505,103.62509869177943,1455.9062674386141,0
2026-01-01 08:18:00,65.62190873307621,0.27144105051086015,103.07218757743439,1491.8466518028117,0
2026-01-01 08:19:00,63.08600134517832,0.32862913906780794,101.77758084760355,1462.7548677596776,0
