experiment,feature_count,normal_error,threshold,validation_error,anomalies,total,anomaly_rate
baseline,24,0.12693417072296143,0.35028892755508423,0.12744463980197906,30,6190,0.004846526775509119
stricter,17,0.23625820875167847,0.6172909140586853,0.2349780946969986,52,6190,0.008400646038353443
stricter_no_sensor6,16,0.29174643754959106,0.7153337597846985,0.2891368567943573,29,6190,0.00468497583642602
constant_removed,17,0.24228475987911224,0.6259781122207642,0.2407800853252411,31,6190,0.005008077714592218
constant_low_variance_removed,16,0.2515328526496887,0.6428611278533936,0.25050514936447144,23,6190,0.003715670434758067
correlation_removed,15,0.23267732560634613,0.6442773938179016,0.23144419491291046,44,6190,0.0071082389913499355
aggressive,14,0.29580235481262207,0.7898101210594177,0.2923809587955475,44,6190,0.0071082389913499355
baseline,24,0.16321510076522827,0.43722498416900635,0.1627444177865982,39,6190,0.006300484761595726
baseline,24,0.14964063465595245,0.4044877886772156,0.1501220464706421,53,6190,0.008562196977436543
baseline,24,0.20716866850852966,0.5129773616790771,0.20485331118106842,31,6190,0.005008077714592218
baseline,24,0.12218113243579865,0.32973170280456543,0.12243463844060898,29,6190,0.00468497583642602
baseline,24,0.11950050294399261,0.31690478324890137,0.12009013444185257,27,6190,0.004361873958259821
baseline,24,0.39165788888931274,1.503866195678711,0.37069112062454224,134,6190,0.021647818386554718
baseline,24,0.11875040084123611,0.32646405696868896,0.11936131864786148,22,6190,0.0035541194956749678
baseline,24,0.12031194567680359,0.32391899824142456,0.12073540687561035,23,6190,0.003715670434758067
baseline,24,0.11796288937330246,0.3145897388458252,0.11883986741304398,35,6190,0.0056542810052633286
